<?xml version="1.0" encoding="UTF-8"?><rss version="2.0"
	xmlns:content="http://purl.org/rss/1.0/modules/content/"
	xmlns:wfw="http://wellformedweb.org/CommentAPI/"
	xmlns:dc="http://purl.org/dc/elements/1.1/"
	xmlns:atom="http://www.w3.org/2005/Atom"
	xmlns:sy="http://purl.org/rss/1.0/modules/syndication/"
	xmlns:slash="http://purl.org/rss/1.0/modules/slash/"
	>

<channel>
	<title>Prodotti &#8211; e-lunedi</title>
	<atom:link href="http://localhost/e-lunedi/negozio/feed/?simply_static_page=180" rel="self" type="application/rss+xml" />
	<link></link>
	<description></description>
	<lastBuildDate>Mon, 20 Mar 2023 15:59:07 +0000</lastBuildDate>
	<language>it-IT</language>
	<sy:updatePeriod>
	hourly	</sy:updatePeriod>
	<sy:updateFrequency>
	1	</sy:updateFrequency>
	<generator>https://wordpress.org/?v=6.1.1</generator>
	<item>
		<title>Gomito 45°</title>
		<link>/prodotto/gomito-45/</link>
					<comments>/prodotto/gomito-45/#respond</comments>
		
		<dc:creator><![CDATA[Michela]]></dc:creator>
		<pubDate>Mon, 20 Mar 2023 15:59:07 +0000</pubDate>
				<guid isPermaLink="false">/?post_type=product#038;p=81</guid>

					<description><![CDATA[Questo raccordo appartiene alla famiglia dei forgiati saldati a bicchiere o filettati in conformità alla norma ASME B16.11. I gomiti a 45 gradi sono disponibili in tutte le dimensioni fino a 4 pollici (ma possono essere forniti anche a 6 e 8 pollici), nelle classi 3000, 6000 e 9000, in un&#8217;ampia gamma di acciai al [&#8230;]]]></description>
										<content:encoded><![CDATA[<p>Questo raccordo appartiene alla famiglia dei forgiati saldati a bicchiere o filettati in conformità alla norma ASME B16.11. I gomiti a 45 gradi sono disponibili in tutte le dimensioni fino a 4 pollici (ma possono essere forniti anche a 6 e 8 pollici), nelle classi 3000, 6000 e 9000, in un&#8217;ampia gamma di acciai al carbonio, inossidabili, cromo-molibdeno e altre leghe.</p>
]]></content:encoded>
					
					<wfw:commentRss>/prodotto/gomito-45/feed/</wfw:commentRss>
			<slash:comments>0</slash:comments>
		
		
			</item>
		<item>
		<title>Tappi</title>
		<link>/prodotto/tappi/</link>
					<comments>/prodotto/tappi/#respond</comments>
		
		<dc:creator><![CDATA[Michela]]></dc:creator>
		<pubDate>Mon, 20 Mar 2023 15:52:47 +0000</pubDate>
				<guid isPermaLink="false">/?post_type=product#038;p=79</guid>

					<description><![CDATA[Utilizzati per chiudere l&#8217;estremità di un tubo o di un raccordo, appartengono alla famiglia della norma ASME B16.11 &#8220;Raccordi forgiati, a saldare e filettati&#8221;. I tappi sono disponibili in un&#8217;ampia gamma di acciai al carbonio, inossidabili, cromo-molibdeno e altre leghe.]]></description>
										<content:encoded><![CDATA[<p>Utilizzati per chiudere l&#8217;estremità di un tubo o di un raccordo, appartengono alla famiglia della norma ASME B16.11 &#8220;Raccordi forgiati, a saldare e filettati&#8221;.<br />
I tappi sono disponibili in un&#8217;ampia gamma di acciai al carbonio, inossidabili, cromo-molibdeno e altre leghe.</p>
]]></content:encoded>
					
					<wfw:commentRss>/prodotto/tappi/feed/</wfw:commentRss>
			<slash:comments>0</slash:comments>
		
		
			</item>
		<item>
		<title>Gomito a 90°</title>
		<link>/prodotto/gomito-a-90/</link>
					<comments>/prodotto/gomito-a-90/#respond</comments>
		
		<dc:creator><![CDATA[Michela]]></dc:creator>
		<pubDate>Mon, 20 Mar 2023 15:25:17 +0000</pubDate>
				<guid isPermaLink="false">/?post_type=product#038;p=77</guid>

					<description><![CDATA[Questo raccordo appartiene alla famiglia dei forgiati saldati a bicchiere o filettati in conformità alla norma ASME B16.11. I gomiti a 90° sono disponibili in tutte le dimensioni fino a 4 pollici (ma possono essere forniti anche a 6 e 8 pollici), nelle classi 3000, 6000 e 9000, in un&#8217;ampia gamma di acciai al carbonio, [&#8230;]]]></description>
										<content:encoded><![CDATA[<p>Questo raccordo appartiene alla famiglia dei forgiati saldati a bicchiere o filettati in conformità alla norma ASME B16.11. I gomiti a 90° sono disponibili in tutte le dimensioni fino a 4 pollici (ma possono essere forniti anche a 6 e 8 pollici), nelle classi 3000, 6000 e 9000, in un&#8217;ampia gamma di acciai al carbonio, inossidabili, cromo-molibdeno e altre leghe.</p>
]]></content:encoded>
					
					<wfw:commentRss>/prodotto/gomito-a-90/feed/</wfw:commentRss>
			<slash:comments>0</slash:comments>
		
		
			</item>
		<item>
		<title>Pezzo a T</title>
		<link>/prodotto/pezzo-a-tee/</link>
					<comments>/prodotto/pezzo-a-tee/#respond</comments>
		
		<dc:creator><![CDATA[Michela]]></dc:creator>
		<pubDate>Mon, 20 Mar 2023 15:23:08 +0000</pubDate>
				<guid isPermaLink="false">/?post_type=product#038;p=75</guid>

					<description><![CDATA[Questo raccordo appartiene alla famiglia dei forgiati saldati a bicchiere o filettati in conformità alla norma ASME B16.11. I raccordi a T sono disponibili in tutte le dimensioni fino a 4 pollici (ma è possibile fornire anche 6 e 8 pollici), nelle classi 3000, 6000 e 9000, in un&#8217;ampia gamma di acciai al carbonio, inossidabili, [&#8230;]]]></description>
										<content:encoded><![CDATA[<p>Questo raccordo appartiene alla famiglia dei forgiati saldati a bicchiere o filettati in conformità alla norma ASME B16.11. I raccordi a T sono disponibili in tutte le dimensioni fino a 4 pollici (ma è possibile fornire anche 6 e 8 pollici), nelle classi 3000, 6000 e 9000, in un&#8217;ampia gamma di acciai al carbonio, inossidabili, cromo-molibdeno e altre leghe.</p>
]]></content:encoded>
					
					<wfw:commentRss>/prodotto/pezzo-a-tee/feed/</wfw:commentRss>
			<slash:comments>0</slash:comments>
		
		
			</item>
		<item>
		<title>Croce</title>
		<link>/prodotto/croce/</link>
					<comments>/prodotto/croce/#respond</comments>
		
		<dc:creator><![CDATA[Michela]]></dc:creator>
		<pubDate>Mon, 20 Mar 2023 15:21:12 +0000</pubDate>
				<guid isPermaLink="false">/?post_type=product#038;p=73</guid>

					<description><![CDATA[Questo raccordo appartiene alla famiglia dei forgiati saldati a bicchiere o filettati in conformità alla norma ASME B16.11. Le croci sono disponibili in tutte le dimensioni fino a 4 pollici (ma è possibile fornire anche 6 e 8 pollici), nelle classi 3000, 6000 e 9000, in un&#8217;ampia gamma di acciai al carbonio, inossidabili, cromo-molibdeno e [&#8230;]]]></description>
										<content:encoded><![CDATA[<p>Questo raccordo appartiene alla famiglia dei forgiati saldati a bicchiere o filettati in conformità alla norma ASME B16.11. Le croci sono disponibili in tutte le dimensioni fino a 4 pollici (ma è possibile fornire anche 6 e 8 pollici), nelle classi 3000, 6000 e 9000, in un&#8217;ampia gamma di acciai al carbonio, inossidabili, cromo-molibdeno e altre leghe.</p>
]]></content:encoded>
					
					<wfw:commentRss>/prodotto/croce/feed/</wfw:commentRss>
			<slash:comments>0</slash:comments>
		
		
			</item>
		<item>
		<title>Latromegalet</title>
		<link>/prodotto/latromegalet/</link>
					<comments>/prodotto/latromegalet/#respond</comments>
		
		<dc:creator><![CDATA[Michela]]></dc:creator>
		<pubDate>Mon, 20 Mar 2023 15:15:32 +0000</pubDate>
				<guid isPermaLink="false">/?post_type=product#038;p=70</guid>

					<description><![CDATA[I LatroMegalet sono raccordi di uscita utilizzati per collegare un tubo più grande a uno più piccolo (o della stessa dimensione) con un angolo inferiore a 90° (di solito 45°). La tubazione principale su cui viene saldato il raccordo di derivazione è solitamente chiamata tubazione di testa o di corsa. La tubazione a cui il [&#8230;]]]></description>
										<content:encoded><![CDATA[<p>I LatroMegalet sono raccordi di uscita utilizzati per collegare un tubo più grande a uno più piccolo (o della stessa dimensione) con un angolo inferiore a 90° (di solito 45°). La tubazione principale su cui viene saldato il raccordo di derivazione è solitamente chiamata tubazione di testa o di corsa. La tubazione a cui il raccordo di derivazione fornisce un canale è solitamente chiamata dimensione del ramo o dell&#8217;uscita. I LatroMegalet sono disponibili in tutte le dimensioni, tipi, fori e classi, in un&#8217;ampia gamma di acciai inossidabili, cromo-molibdeno e altre leghe.</p>
]]></content:encoded>
					
					<wfw:commentRss>/prodotto/latromegalet/feed/</wfw:commentRss>
			<slash:comments>0</slash:comments>
		
		
			</item>
	</channel>
</rss>
